,order_id,customer_id,order_date,status,payment_type
5,6,2005,2025-01-14,completed,card
57,58,1817,2025-01-01,completed,wallet
65,66,2195,2025-01-26,completed,card
74,75,2033,2025-01-10,completed,cod
105,106,2496,2025-01-03,completed,card
144,145,481,2025-01-09,completed,atm
145,146,1919,2025-01-15,completed,atm
157,158,2077,2025-01-11,completed,wallet
172,173,463,2025-01-12,completed,card
177,178,943,2025-01-12,completed,wallet
189,190,102,2025-01-08,completed,card
193,194,1802,2025-01-09,completed,card
225,226,2343,2025-01-02,completed,wallet
232,233,708,2025-01-22,completed,atm
262,263,1857,2025-01-13,completed,card
298,299,39,2025-01-03,completed,card
303,304,881,2025-01-23,completed,atm
325,326,920,2025-01-19,completed,atm
392,393,1978,2025-01-24,completed,card
460,461,397,2025-01-30,completed,wallet
470,471,1169,2025-01-27,completed,atm
508,509,1609,2025-01-23,completed,card
517,518,2138,2025-01-17,completed,atm
527,528,2380,2025-01-13,completed,atm
587,588,1472,2025-01-12,completed,cod
604,605,1414,2025-01-06,completed,wallet
613,614,1632,2025-01-16,completed,card
658,659,858,2025-01-26,completed,atm
694,695,392,2025-01-02,completed,card
717,718,1005,2025-01-20,completed,wallet
718,719,1472,2025-01-01,completed,atm
772,773,486,2025-01-01,completed,atm
805,806,1395,2025-01-17,completed,card
872,873,1107,2025-01-19,completed,wallet
947,948,829,2025-01-09,completed,atm
969,970,2119,2025-01-25,completed,card
992,993,2174,2025-01-07,completed,card
996,997,1757,2025-01-22,completed,card
1026,1027,1889,2025-01-01,completed,card
1054,1055,1579,2025-01-31,completed,wallet
1081,1082,899,2025-01-26,completed,wallet
1095,1096,1587,2025-01-16,cancelled,card
1166,1167,368,2025-01-03,completed,cod
1171,1172,1555,2025-01-12,completed,card
1183,1184,1320,2025-01-20,completed,wallet
1198,1199,2243,2025-01-31,completed,wallet
1220,1221,1926,2025-01-05,completed,wallet
1224,1225,701,2025-01-03,completed,card
1228,1229,1188,2025-01-17,cancelled,card
1237,1238,1699,2025-01-24,completed,card
1279,1280,1256,2025-01-17,completed,card
1287,1288,652,2025-01-31,completed,card
1302,1303,174,2025-01-12,completed,card
1308,1309,1079,2025-01-02,completed,card
1312,1313,690,2025-01-27,completed,card
1335,1336,1178,2025-01-16,completed,wallet
1351,1352,1799,2025-01-07,completed,cod
1389,1390,1555,2025-01-24,cancelled,card
1396,1397,2058,2025-01-04,completed,card
1413,1414,994,2025-01-26,completed,cod
1415,1416,2331,2025-01-08,completed,card
1486,1487,1917,2025-01-05,completed,atm
1549,1550,1718,2025-01-22,completed,card
1638,1639,1578,2025-01-27,completed,atm
1685,1686,243,2025-01-06,completed,card
1710,1711,1360,2025-01-08,completed,card
1764,1765,346,2025-01-29,completed,card
1769,1770,1922,2025-01-26,completed,card
1780,1781,145,2025-01-03,completed,card
1804,1805,729,2025-01-22,completed,atm
1815,1816,1709,2025-01-17,completed,wallet
1865,1866,1580,2025-01-09,completed,atm
1873,1874,954,2025-01-22,completed,card
1874,1875,1750,2025-01-08,completed,card
1901,1902,446,2025-01-28,completed,card
1914,1915,1913,2025-01-12,completed,atm
1916,1917,365,2025-01-03,completed,cod
1923,1924,2059,2025-01-15,completed,card
1939,1940,1059,2025-01-01,completed,card
1940,1941,2471,2025-01-03,completed,card
1949,1950,820,2025-01-22,completed,card
1950,1951,175,2025-01-05,completed,atm
1994,1995,435,2025-01-08,completed,wallet
2024,2025,1952,2025-01-13,completed,card
2051,2052,225,2025-01-30,completed,wallet
2067,2068,2063,2025-01-19,completed,cod
2130,2131,2236,2025-01-07,completed,wallet
2245,2246,619,2025-01-01,completed,atm
2278,2279,1675,2025-01-15,completed,card
2310,2311,1086,2025-01-23,completed,atm
2331,2332,1268,2025-01-23,completed,card
2371,2372,2220,2025-01-28,refunded,cod
2391,2392,208,2025-01-03,completed,atm
2420,2421,376,2025-01-19,completed,card
2422,2423,1949,2025-01-01,completed,wallet
2424,2425,1287,2025-01-17,completed,atm
2464,2465,1712,2025-01-06,completed,card
2469,2470,2013,2025-01-10,completed,card
2524,2525,45,2025-01-25,completed,cod
2568,2569,2238,2025-01-26,completed,wallet
2572,2573,2061,2025-01-12,completed,atm
2575,2576,693,2025-01-30,completed,card
2657,2658,1513,2025-01-13,completed,cod
2660,2661,1344,2025-01-03,cancelled,cod
2666,2667,2096,2025-01-17,completed,wallet
2667,2668,773,2025-01-11,completed,card
2675,2676,125,2025-01-25,completed,card
2737,2738,1345,2025-01-13,completed,atm
2771,2772,2032,2025-01-24,completed,card
2793,2794,2144,2025-01-20,refunded,card
2826,2827,575,2025-01-08,completed,cod
2830,2831,2370,2025-01-11,completed,wallet
2838,2839,2147,2025-01-19,completed,card
2868,2869,595,2025-01-11,completed,card
2898,2899,828,2025-01-29,completed,wallet
2922,2923,332,2025-01-18,completed,atm
2987,2988,1430,2025-01-18,completed,card
2994,2995,2362,2025-01-17,completed,card
3011,3012,2337,2025-01-14,completed,wallet
3052,3053,2203,2025-01-09,completed,cod
3056,3057,1909,2025-01-03,completed,wallet
3060,3061,1411,2025-01-12,completed,card
3062,3063,2377,2025-01-11,completed,card
3063,3064,1887,2025-01-01,completed,card
3071,3072,1071,2025-01-04,completed,wallet
3086,3087,1297,2025-01-12,cancelled,atm
3117,3118,1831,2025-01-26,completed,cod
3121,3122,554,2025-01-29,completed,card
3151,3152,1115,2025-01-16,completed,card
3153,3154,289,2025-01-30,completed,atm
3158,3159,1655,2025-01-08,completed,atm
3201,3202,331,2025-01-24,completed,cod
3208,3209,2210,2025-01-21,completed,wallet
3210,3211,94,2025-01-26,cancelled,cod
3221,3222,991,2025-01-28,cancelled,atm
3222,3223,2314,2025-01-30,completed,card
3231,3232,1404,2025-01-31,completed,card
3234,3235,1004,2025-01-11,completed,cod
3236,3237,612,2025-01-29,completed,card
3256,3257,506,2025-01-18,completed,card
3266,3267,729,2025-01-13,completed,card
3322,3323,2037,2025-01-28,completed,wallet
3334,3335,418,2025-01-22,completed,card
3342,3343,925,2025-01-06,completed,atm
3356,3357,2324,2025-01-16,completed,atm
3433,3434,140,2025-01-30,completed,atm
3471,3472,2043,2025-01-25,completed,cod
3509,3510,2461,2025-01-14,completed,cod
3516,3517,1857,2025-01-27,completed,atm
3532,3533,1372,2025-01-19,completed,card
3534,3535,224,2025-01-04,refunded,card
3561,3562,1637,2025-01-09,completed,card
3632,3633,963,2025-01-26,completed,atm
3685,3686,2383,2025-01-15,cancelled,atm
3698,3699,564,2025-01-25,completed,card
3714,3715,1508,2025-01-26,completed,card
3748,3749,2091,2025-01-03,completed,card
3823,3824,747,2025-01-06,completed,atm
3829,3830,528,2025-01-30,completed,atm
3835,3836,648,2025-01-31,completed,card
3903,3904,248,2025-01-17,completed,wallet
3978,3979,155,2025-01-12,completed,card
3989,3990,1074,2025-01-27,completed,atm
4032,4033,1593,2025-01-06,completed,atm
4071,4072,854,2025-01-03,cancelled,card
4078,4079,1765,2025-01-19,completed,atm
4109,4110,1747,2025-01-17,completed,card
4236,4237,717,2025-01-04,completed,wallet
4271,4272,1963,2025-01-11,completed,card
4282,4283,852,2025-01-06,completed,atm
4298,4299,74,2025-01-03,completed,card
4360,4361,1423,2025-01-31,completed,card
4432,4433,1813,2025-01-21,completed,card
4448,4449,950,2025-01-28,completed,card
4467,4468,1852,2025-01-15,completed,wallet
4470,4471,727,2025-01-28,completed,atm
4475,4476,219,2025-01-17,completed,card
4495,4496,409,2025-01-01,completed,cod
4499,4500,1841,2025-01-19,completed,cod
4512,4513,765,2025-01-29,completed,atm
4513,4514,1582,2025-01-06,completed,card
4533,4534,932,2025-01-21,completed,card
4534,4535,2009,2025-01-20,completed,card
4560,4561,1795,2025-01-24,completed,atm
4580,4581,617,2025-01-31,completed,card
4591,4592,349,2025-01-02,completed,card
4662,4663,105,2025-01-14,completed,card
4663,4664,1136,2025-01-16,completed,card
4681,4682,25,2025-01-08,completed,card
4696,4697,1002,2025-01-10,completed,card
4763,4764,104,2025-01-26,completed,wallet
4787,4788,933,2025-01-07,completed,card
4795,4796,2125,2025-01-22,completed,cod
4797,4798,1337,2025-01-05,refunded,wallet
4802,4803,2312,2025-01-06,completed,atm
4842,4843,901,2025-01-03,completed,card
4881,4882,647,2025-01-11,completed,atm
4890,4891,2326,2025-01-15,completed,atm
4904,4905,1458,2025-01-16,refunded,card
4912,4913,1235,2025-01-15,completed,card
4929,4930,1989,2025-01-04,completed,card
4937,4938,1422,2025-01-05,completed,card
5006,5007,1631,2025-01-20,completed,wallet
5021,5022,2466,2025-01-19,completed,cod
5026,5027,1520,2025-01-21,completed,card
5174,5175,831,2025-01-15,cancelled,card
5185,5186,1058,2025-01-04,completed,atm
5235,5236,481,2025-01-09,completed,atm
5241,5242,1384,2025-01-05,completed,card
5252,5253,1939,2025-01-26,cancelled,card
5295,5296,385,2025-01-19,cancelled,atm
5297,5298,541,2025-01-16,completed,wallet
5374,5375,1,2025-01-31,completed,card
5475,5476,1315,2025-01-24,completed,card
5533,5534,107,2025-01-10,completed,wallet
5540,5541,872,2025-01-10,completed,cod
5572,5573,2225,2025-01-16,completed,card
5575,5576,2373,2025-01-24,completed,card
5597,5598,531,2025-01-31,completed,card
5620,5621,360,2025-01-01,completed,wallet
5631,5632,358,2025-01-13,completed,card
5633,5634,2353,2025-01-25,completed,cod
5634,5635,1784,2025-01-11,completed,card
5646,5647,421,2025-01-06,completed,card
5659,5660,1422,2025-01-27,completed,atm
5665,5666,2491,2025-01-25,completed,wallet
5672,5673,1942,2025-01-04,completed,atm
5678,5679,316,2025-01-16,completed,card
5694,5695,2487,2025-01-22,completed,card
5742,5743,280,2025-01-02,completed,atm
5743,5744,1780,2025-01-04,completed,card
5773,5774,1377,2025-01-16,completed,card
5794,5795,1134,2025-01-08,completed,atm
5821,5822,924,2025-01-18,completed,cod
5827,5828,922,2025-01-03,completed,atm
5836,5837,1367,2025-01-08,completed,atm
5856,5857,305,2025-01-06,completed,atm
6024,6025,1781,2025-01-15,completed,atm
6035,6036,1079,2025-01-11,completed,card
6041,6042,606,2025-01-26,completed,card
6046,6047,1363,2025-01-30,completed,card
6060,6061,476,2025-01-12,completed,card
6070,6071,368,2025-01-13,completed,card
6087,6088,495,2025-01-14,completed,card
6094,6095,2412,2025-01-15,completed,card
6101,6102,1021,2025-01-13,completed,wallet
6113,6114,1160,2025-01-10,completed,card
6117,6118,1108,2025-01-10,completed,card
6160,6161,712,2025-01-05,completed,cod
6169,6170,598,2025-01-01,completed,card
6173,6174,2179,2025-01-16,completed,atm
6206,6207,64,2025-01-18,completed,card
6260,6261,2005,2025-01-02,completed,card
6271,6272,73,2025-01-07,completed,card
6358,6359,1966,2025-01-27,completed,card
6381,6382,707,2025-01-28,completed,card
6382,6383,779,2025-01-26,completed,card
6383,6384,2412,2025-01-18,completed,card
6409,6410,453,2025-01-31,completed,card
6429,6430,904,2025-01-20,completed,card
6439,6440,1310,2025-01-23,completed,card
6486,6487,1530,2025-01-25,completed,wallet
6562,6563,1668,2025-01-01,completed,wallet
6568,6569,2423,2025-01-27,completed,atm
6598,6599,154,2025-01-22,completed,card
6616,6617,2349,2025-01-22,completed,wallet
6639,6640,564,2025-01-10,completed,card
6645,6646,415,2025-01-17,completed,card
6649,6650,1619,2025-01-05,completed,card
6669,6670,441,2025-01-02,refunded,atm
6671,6672,2412,2025-01-10,cancelled,atm
6704,6705,2361,2025-01-18,completed,card
6708,6709,2485,2025-01-23,completed,card
6732,6733,844,2025-01-05,completed,card
6761,6762,1257,2025-01-21,completed,card
6767,6768,1363,2025-01-20,completed,cod
6868,6869,127,2025-01-21,completed,atm
6873,6874,1863,2025-01-12,completed,atm
6890,6891,1342,2025-01-06,completed,card
6916,6917,555,2025-01-04,completed,card
7013,7014,2210,2025-01-01,cancelled,card
7022,7023,459,2025-01-15,completed,wallet
7094,7095,1037,2025-01-07,cancelled,card
7095,7096,1000,2025-01-14,completed,cod
7097,7098,715,2025-01-17,completed,atm
7141,7142,2031,2025-01-25,completed,card
7237,7238,2465,2025-01-25,completed,atm
7238,7239,1209,2025-01-23,completed,card
7258,7259,1845,2025-01-21,completed,card
7267,7268,1289,2025-01-18,completed,card
7282,7283,1590,2025-01-21,completed,cod
7336,7337,84,2025-01-30,completed,atm
7368,7369,1567,2025-01-08,completed,atm
7442,7443,500,2025-01-02,completed,wallet
7494,7495,2282,2025-01-19,completed,card
7518,7519,649,2025-01-04,completed,card
7519,7520,1695,2025-01-27,completed,card
7522,7523,1868,2025-01-23,completed,atm
7529,7530,815,2025-01-22,completed,wallet
7566,7567,1834,2025-01-20,completed,wallet
7613,7614,1562,2025-01-22,completed,cod
7617,7618,540,2025-01-20,completed,card
7670,7671,964,2025-01-21,completed,wallet
7694,7695,1655,2025-01-02,completed,card
7710,7711,1806,2025-01-18,refunded,cod
7730,7731,580,2025-01-11,completed,cod
7739,7740,170,2025-01-17,completed,atm
7784,7785,1552,2025-01-05,completed,card
7789,7790,248,2025-01-16,completed,card
7794,7795,684,2025-01-27,completed,card
7797,7798,1452,2025-01-28,completed,atm
7821,7822,890,2025-01-31,completed,card
7824,7825,1407,2025-01-26,completed,atm
7842,7843,1953,2025-01-19,completed,card
7857,7858,1514,2025-01-16,completed,card
7873,7874,2142,2025-01-21,completed,card
7891,7892,1500,2025-01-24,completed,card
7907,7908,219,2025-01-03,completed,wallet
7920,7921,1762,2025-01-22,completed,atm
7995,7996,397,2025-01-04,completed,atm
8014,8015,696,2025-01-09,cancelled,card
8087,8088,1803,2025-01-23,completed,card
8100,8101,1540,2025-01-04,completed,card
8102,8103,2201,2025-01-02,completed,wallet
8115,8116,86,2025-01-30,completed,atm
8127,8128,2300,2025-01-05,completed,card
8161,8162,1539,2025-01-06,completed,wallet
8197,8198,1323,2025-01-23,completed,wallet
8244,8245,1,2025-01-22,completed,card
8248,8249,31,2025-01-15,completed,atm
8299,8300,2290,2025-01-06,completed,atm
8315,8316,683,2025-01-23,completed,atm
8326,8327,1107,2025-01-06,completed,card
8391,8392,447,2025-01-16,completed,card
8392,8393,831,2025-01-21,completed,card
8464,8465,714,2025-01-22,completed,card
8519,8520,102,2025-01-06,completed,card
8577,8578,1209,2025-01-05,completed,card
8629,8630,2272,2025-01-18,completed,atm
8643,8644,1693,2025-01-05,completed,cod
8685,8686,1549,2025-01-03,completed,cod
8692,8693,2199,2025-01-23,completed,atm
8709,8710,859,2025-01-25,completed,atm
8718,8719,541,2025-01-10,completed,wallet
8744,8745,1679,2025-01-09,completed,atm
8757,8758,971,2025-01-23,completed,card
8782,8783,582,2025-01-04,completed,card
8783,8784,69,2025-01-19,completed,atm
8806,8807,1882,2025-01-30,completed,card
8819,8820,2045,2025-01-29,completed,wallet
8831,8832,1949,2025-01-05,completed,card
8833,8834,580,2025-01-21,refunded,card
8835,8836,1076,2025-01-10,completed,wallet
8888,8889,1181,2025-01-10,completed,card
8934,8935,1062,2025-01-23,completed,atm
8949,8950,2317,2025-01-27,completed,card
8985,8986,1634,2025-01-05,completed,card
9004,9005,1494,2025-01-14,completed,wallet
9016,9017,2065,2025-01-20,completed,atm
9025,9026,1741,2025-01-22,completed,card
9037,9038,1791,2025-01-03,completed,card
9038,9039,1397,2025-01-15,completed,card
9053,9054,854,2025-01-07,completed,card
9076,9077,1192,2025-01-30,completed,atm
9078,9079,2481,2025-01-27,completed,card
9087,9088,2032,2025-01-30,completed,card
9106,9107,1422,2025-01-31,completed,card
9125,9126,1049,2025-01-07,completed,wallet
9175,9176,1379,2025-01-22,completed,card
9288,9289,2201,2025-01-02,completed,card
9305,9306,2440,2025-01-05,completed,wallet
9343,9344,1828,2025-01-27,completed,atm
9375,9376,815,2025-01-05,completed,card
9397,9398,1408,2025-01-11,completed,card
9440,9441,638,2025-01-19,completed,cod
9449,9450,1812,2025-01-11,completed,card
9460,9461,1509,2025-01-10,completed,card
9496,9497,780,2025-01-12,completed,wallet
9546,9547,1137,2025-01-08,completed,atm
9556,9557,1895,2025-01-20,completed,wallet
9560,9561,1625,2025-01-03,completed,wallet
9580,9581,897,2025-01-10,refunded,atm
9604,9605,1478,2025-01-24,completed,card
9673,9674,2478,2025-01-15,completed,cod
9679,9680,2215,2025-01-07,completed,cod
9680,9681,2421,2025-01-17,completed,cod
9717,9718,239,2025-01-19,completed,card
9751,9752,1565,2025-01-27,cancelled,atm
9763,9764,276,2025-01-16,completed,card
9765,9766,2331,2025-01-13,completed,card
9778,9779,713,2025-01-15,completed,atm
9800,9801,2462,2025-01-27,completed,card
9808,9809,1962,2025-01-04,completed,wallet
9844,9845,493,2025-01-20,completed,card
9860,9861,455,2025-01-31,completed,card
9861,9862,89,2025-01-22,completed,cod
9886,9887,1727,2025-01-21,cancelled,atm
9916,9917,1824,2025-01-16,completed,card
9933,9934,242,2025-01-05,completed,wallet
9980,9981,1174,2025-01-22,completed,card
10053,10054,2307,2025-01-25,completed,atm
10055,10056,23,2025-01-31,completed,card
10077,10078,384,2025-01-21,completed,card
10094,10095,881,2025-01-02,completed,card
10114,10115,761,2025-01-07,completed,card
10140,10141,2211,2025-01-22,completed,card
10165,10166,2360,2025-01-24,completed,card
10190,10191,2089,2025-01-21,completed,card
10205,10206,855,2025-01-19,completed,atm
10221,10222,2052,2025-01-24,completed,card
10227,10228,340,2025-01-19,completed,wallet
10229,10230,2246,2025-01-01,completed,card
10230,10231,54,2025-01-07,completed,card
10246,10247,1112,2025-01-15,completed,atm
10319,10320,2294,2025-01-24,completed,atm
10334,10335,625,2025-01-12,completed,card
10342,10343,2495,2025-01-28,completed,cod
10370,10371,740,2025-01-02,completed,atm
10382,10383,897,2025-01-15,completed,atm
10392,10393,2273,2025-01-22,completed,atm
10424,10425,1013,2025-01-30,completed,wallet
10426,10427,1680,2025-01-11,completed,cod
10427,10428,1799,2025-01-04,completed,wallet
10444,10445,916,2025-01-02,completed,atm
10450,10451,427,2025-01-14,completed,card
10470,10471,2236,2025-01-10,completed,atm
10483,10484,1699,2025-01-30,completed,atm
10484,10485,1121,2025-01-25,completed,atm
10531,10532,1816,2025-01-10,completed,cod
10622,10623,717,2025-01-11,completed,cod
10624,10625,551,2025-01-08,completed,card
10628,10629,1767,2025-01-11,completed,card
10658,10659,1419,2025-01-27,completed,card
10687,10688,76,2025-01-18,completed,wallet
10710,10711,168,2025-01-29,completed,card
10750,10751,1341,2025-01-11,completed,card
10766,10767,1365,2025-01-05,completed,card
10790,10791,886,2025-01-08,completed,cod
10796,10797,539,2025-01-22,completed,card
10827,10828,181,2025-01-28,completed,cod
10865,10866,1192,2025-01-04,completed,wallet
10868,10869,1924,2025-01-31,completed,card
10893,10894,305,2025-01-13,completed,card
11012,11013,1938,2025-01-20,completed,wallet
11014,11015,1636,2025-01-18,completed,atm
11024,11025,1919,2025-01-24,completed,cod
11025,11026,381,2025-01-22,cancelled,card
11033,11034,739,2025-01-08,completed,wallet
11066,11067,1946,2025-01-29,refunded,wallet
11067,11068,1459,2025-01-03,completed,wallet
11127,11128,642,2025-01-18,completed,wallet
11153,11154,1049,2025-01-30,completed,atm
11156,11157,1838,2025-01-05,completed,card
11197,11198,2132,2025-01-29,completed,card
11204,11205,1665,2025-01-02,cancelled,atm
11239,11240,974,2025-01-20,completed,atm
11279,11280,1064,2025-01-25,completed,card
11299,11300,1086,2025-01-30,completed,card
11324,11325,2362,2025-01-15,completed,card
11343,11344,545,2025-01-01,completed,wallet
11408,11409,1745,2025-01-27,completed,wallet
11418,11419,2479,2025-01-05,completed,card
11445,11446,1506,2025-01-11,completed,wallet
11490,11491,72,2025-01-29,completed,atm
11556,11557,1278,2025-01-02,completed,card
11561,11562,2266,2025-01-29,completed,card
11732,11733,1193,2025-01-12,completed,wallet
11757,11758,138,2025-01-22,completed,atm
11764,11765,563,2025-01-08,completed,card
11774,11775,2135,2025-01-26,completed,atm
11814,11815,971,2025-01-29,completed,cod
11820,11821,182,2025-01-12,completed,atm
11837,11838,1044,2025-01-03,completed,card
11896,11897,1938,2025-01-17,completed,wallet
11912,11913,2266,2025-01-11,completed,atm
11915,11916,1523,2025-01-03,completed,card
11921,11922,2373,2025-01-25,completed,card
11964,11965,1183,2025-01-09,completed,atm
12054,12055,1750,2025-01-30,completed,wallet
12081,12082,1059,2025-01-24,completed,atm
12085,12086,1560,2025-01-31,completed,cod
12089,12090,1831,2025-01-25,cancelled,atm
12093,12094,2005,2025-01-01,completed,cod
12102,12103,2483,2025-01-17,completed,card
12110,12111,2134,2025-01-17,completed,atm
12129,12130,1672,2025-01-19,completed,card
12175,12176,802,2025-01-25,completed,atm
12199,12200,740,2025-01-01,completed,wallet
12239,12240,155,2025-01-12,completed,wallet
12254,12255,1810,2025-01-20,completed,card
12265,12266,1843,2025-01-24,completed,card
12289,12290,187,2025-01-22,completed,atm
12299,12300,250,2025-01-15,completed,atm
12300,12301,493,2025-01-20,completed,atm
12322,12323,2295,2025-01-15,completed,card
12323,12324,512,2025-01-08,completed,atm
12382,12383,1122,2025-01-16,cancelled,cod
12402,12403,825,2025-01-25,completed,wallet
12446,12447,1103,2025-01-19,completed,card
12515,12516,1593,2025-01-21,completed,card
12533,12534,1022,2025-01-26,completed,card
12544,12545,36,2025-01-12,completed,cod
12548,12549,84,2025-01-31,completed,atm
12565,12566,1393,2025-01-04,completed,atm
12566,12567,2151,2025-01-15,completed,atm
12591,12592,1215,2025-01-10,completed,cod
12615,12616,1988,2025-01-17,completed,atm
12655,12656,694,2025-01-25,completed,card
12690,12691,1447,2025-01-02,completed,card
12734,12735,1524,2025-01-08,completed,atm
12790,12791,753,2025-01-29,completed,card
12832,12833,1628,2025-01-17,completed,card
12840,12841,1908,2025-01-12,completed,card
12877,12878,775,2025-01-08,completed,card
12920,12921,1688,2025-01-29,completed,wallet
12960,12961,1417,2025-01-05,completed,card
13009,13010,667,2025-01-03,completed,card
13011,13012,77,2025-01-14,completed,atm
13026,13027,1473,2025-01-08,completed,card
13041,13042,1423,2025-01-08,completed,atm
13066,13067,2039,2025-01-03,completed,card
13067,13068,205,2025-01-31,completed,card
13079,13080,2297,2025-01-10,completed,wallet
13119,13120,2093,2025-01-02,completed,card
13122,13123,636,2025-01-31,completed,wallet
13158,13159,65,2025-01-06,refunded,card
13221,13222,2270,2025-01-30,completed,card
13222,13223,737,2025-01-21,completed,card
13259,13260,1312,2025-01-25,cancelled,wallet
13270,13271,2272,2025-01-05,completed,atm
13319,13320,2490,2025-01-15,completed,card
13396,13397,2436,2025-01-08,completed,wallet
13448,13449,629,2025-01-23,completed,card
13457,13458,1418,2025-01-19,completed,wallet
13497,13498,397,2025-01-16,completed,card
13504,13505,1884,2025-01-13,completed,atm
13534,13535,1473,2025-01-16,completed,card
13541,13542,2276,2025-01-11,completed,wallet
13542,13543,962,2025-01-15,completed,card
13572,13573,1214,2025-01-07,completed,atm
13586,13587,1474,2025-01-13,completed,card
13595,13596,1986,2025-01-23,completed,cod
13604,13605,271,2025-01-25,completed,card
13651,13652,469,2025-01-27,completed,card
13682,13683,1389,2025-01-31,completed,card
13751,13752,2008,2025-01-13,completed,card
13785,13786,1836,2025-01-20,completed,card
13834,13835,1695,2025-01-10,completed,card
13835,13836,793,2025-01-24,completed,card
13887,13888,215,2025-01-06,completed,wallet
13914,13915,1133,2025-01-28,completed,wallet
13946,13947,2285,2025-01-15,completed,card
13990,13991,446,2025-01-06,completed,card
13991,13992,2220,2025-01-08,completed,card
13997,13998,2133,2025-01-24,completed,card
14005,14006,522,2025-01-16,completed,atm
14022,14023,1139,2025-01-31,completed,card
14029,14030,1929,2025-01-31,completed,wallet
14038,14039,428,2025-01-17,completed,wallet
14055,14056,18,2025-01-27,completed,card
14076,14077,2265,2025-01-07,completed,card
14127,14128,1566,2025-01-30,completed,card
14128,14129,921,2025-01-25,completed,card
14131,14132,2435,2025-01-27,completed,card
14167,14168,1390,2025-01-06,completed,atm
14187,14188,213,2025-01-24,completed,card
14198,14199,1681,2025-01-25,completed,atm
14259,14260,33,2025-01-27,completed,wallet
14286,14287,194,2025-01-02,completed,wallet
14294,14295,1324,2025-01-20,completed,atm
14316,14317,2154,2025-01-30,completed,wallet
14324,14325,2050,2025-01-21,completed,card
14338,14339,2344,2025-01-14,completed,cod
14367,14368,1385,2025-01-16,completed,cod
14378,14379,1273,2025-01-08,completed,card
14392,14393,1774,2025-01-30,completed,card
14410,14411,357,2025-01-03,completed,cod
14412,14413,1422,2025-01-31,completed,atm
14444,14445,935,2025-01-17,completed,atm
14473,14474,1755,2025-01-07,completed,wallet
14481,14482,2357,2025-01-01,completed,card
14495,14496,1031,2025-01-18,completed,wallet
14512,14513,2475,2025-01-08,completed,card
14532,14533,1210,2025-01-01,completed,atm
14536,14537,1933,2025-01-29,completed,atm
14614,14615,671,2025-01-14,completed,card
14622,14623,1389,2025-01-20,completed,card
14629,14630,863,2025-01-31,refunded,card
14650,14651,1118,2025-01-08,completed,cod
14654,14655,177,2025-01-11,completed,atm
14674,14675,1448,2025-01-01,completed,card
14678,14679,846,2025-01-04,completed,atm
14728,14729,138,2025-01-28,completed,card
14770,14771,2321,2025-01-06,completed,atm
14780,14781,2141,2025-01-25,completed,cod
14870,14871,1166,2025-01-05,completed,card
14871,14872,633,2025-01-17,completed,card
14878,14879,479,2025-01-26,completed,atm
14900,14901,1165,2025-01-24,completed,atm
14901,14902,271,2025-01-07,completed,wallet
14918,14919,60,2025-01-25,completed,cod
14929,14930,1434,2025-01-15,completed,cod
15179,15180,262,2025-01-04,completed,card
15186,15187,2194,2025-01-26,completed,cod
15201,15202,1729,2025-01-21,completed,card
15212,15213,970,2025-01-19,completed,cod
15223,15224,163,2025-01-30,completed,cod
15253,15254,1638,2025-01-31,completed,atm
15259,15260,2313,2025-01-11,completed,card
15275,15276,947,2025-01-29,completed,card
15309,15310,2385,2025-01-30,completed,cod
15310,15311,930,2025-01-15,completed,atm
15331,15332,403,2025-01-19,completed,card
15335,15336,1286,2025-01-16,completed,atm
15343,15344,956,2025-01-01,completed,card
15373,15374,139,2025-01-17,completed,card
15374,15375,1259,2025-01-10,completed,wallet
15383,15384,2389,2025-01-29,completed,wallet
15389,15390,1651,2025-01-09,completed,card
15428,15429,614,2025-01-23,completed,card
15499,15500,1653,2025-01-23,completed,card
15556,15557,97,2025-01-24,completed,card
15587,15588,1130,2025-01-14,completed,card
15613,15614,956,2025-01-13,completed,card
15631,15632,1923,2025-01-10,completed,atm
15633,15634,2455,2025-01-20,completed,card
15696,15697,1642,2025-01-18,completed,wallet
15700,15701,2429,2025-01-15,completed,wallet
15715,15716,895,2025-01-29,completed,atm
15723,15724,870,2025-01-25,cancelled,card
15731,15732,2075,2025-01-14,completed,card
15746,15747,1550,2025-01-31,completed,card
15766,15767,541,2025-01-21,completed,cod
15774,15775,400,2025-01-16,completed,wallet
15814,15815,11,2025-01-10,completed,card
15853,15854,1997,2025-01-29,completed,card
15886,15887,1989,2025-01-02,completed,atm
15925,15926,2012,2025-01-29,completed,card
15992,15993,2393,2025-01-29,completed,atm
16008,16009,1640,2025-01-27,completed,atm
16016,16017,2487,2025-01-14,completed,wallet
16032,16033,969,2025-01-17,completed,atm
16035,16036,1322,2025-01-17,completed,wallet
16038,16039,421,2025-01-29,completed,wallet
16055,16056,1603,2025-01-31,completed,card
16085,16086,1139,2025-01-11,completed,card
16112,16113,214,2025-01-23,completed,cod
16115,16116,969,2025-01-29,completed,atm
16131,16132,1196,2025-01-15,completed,wallet
16176,16177,1682,2025-01-15,completed,card
16258,16259,1524,2025-01-16,completed,atm
16281,16282,246,2025-01-02,completed,card
16290,16291,624,2025-01-31,completed,card
16301,16302,1181,2025-01-31,completed,card
16303,16304,2228,2025-01-25,completed,wallet
16306,16307,1740,2025-01-13,completed,card
16337,16338,1004,2025-01-04,completed,atm
16338,16339,1810,2025-01-01,completed,card
16351,16352,1943,2025-01-19,completed,wallet
16353,16354,525,2025-01-29,completed,atm
16409,16410,993,2025-01-02,completed,card
16437,16438,33,2025-01-22,completed,card
16441,16442,2139,2025-01-14,completed,card
16463,16464,482,2025-01-20,completed,card
16515,16516,996,2025-01-23,completed,card
16527,16528,386,2025-01-14,completed,card
16528,16529,1443,2025-01-12,refunded,atm
16544,16545,1614,2025-01-15,completed,atm
16556,16557,1251,2025-01-07,completed,card
16567,16568,760,2025-01-08,completed,atm
16579,16580,1569,2025-01-29,completed,atm
16604,16605,2335,2025-01-21,completed,card
16614,16615,1016,2025-01-15,completed,atm
16627,16628,2128,2025-01-30,completed,atm
16681,16682,269,2025-01-29,completed,atm
16691,16692,1169,2025-01-23,completed,cod
16720,16721,374,2025-01-27,completed,atm
16724,16725,2045,2025-01-11,completed,wallet
16726,16727,1492,2025-01-25,completed,cod
16739,16740,1917,2025-01-25,completed,wallet
16750,16751,1923,2025-01-18,completed,atm
16751,16752,232,2025-01-20,completed,card
16761,16762,526,2025-01-25,completed,card
16769,16770,1812,2025-01-13,completed,card
16777,16778,1978,2025-01-01,completed,atm
16797,16798,301,2025-01-31,cancelled,atm
16804,16805,1695,2025-01-31,completed,cod
16807,16808,1065,2025-01-09,completed,wallet
16874,16875,2314,2025-01-19,completed,card
16880,16881,2488,2025-01-12,completed,cod
16881,16882,1122,2025-01-13,completed,atm
16942,16943,750,2025-01-01,completed,card
16947,16948,1564,2025-01-31,completed,card
17002,17003,1831,2025-01-31,completed,card
17036,17037,1772,2025-01-18,completed,card
17064,17065,2276,2025-01-21,completed,card
17087,17088,1505,2025-01-23,completed,atm
17100,17101,1716,2025-01-06,completed,card
17116,17117,1226,2025-01-06,completed,atm
17123,17124,2274,2025-01-26,completed,card
17141,17142,740,2025-01-06,completed,card
17173,17174,1651,2025-01-29,completed,cod
17180,17181,1864,2025-01-21,completed,card
17197,17198,717,2025-01-19,completed,card
17199,17200,2483,2025-01-22,completed,card
17205,17206,387,2025-01-02,completed,atm
17218,17219,1774,2025-01-29,completed,card
17273,17274,569,2025-01-17,completed,wallet
17283,17284,1407,2025-01-25,completed,card
17287,17288,464,2025-01-15,completed,card
17301,17302,1214,2025-01-06,completed,atm
17318,17319,1444,2025-01-24,completed,atm
17338,17339,1305,2025-01-14,refunded,card
17409,17410,1941,2025-01-21,completed,card
17416,17417,2493,2025-01-23,completed,card
17426,17427,2109,2025-01-18,cancelled,wallet
17470,17471,579,2025-01-06,completed,card
17476,17477,2424,2025-01-07,completed,card
17498,17499,2344,2025-01-18,completed,atm
17544,17545,1243,2025-01-31,completed,card
17554,17555,2409,2025-01-24,completed,wallet
17555,17556,667,2025-01-04,completed,card
17601,17602,2388,2025-01-12,completed,cod
17672,17673,1588,2025-01-04,completed,card
17681,17682,696,2025-01-19,completed,card
17689,17690,121,2025-01-02,completed,card
17707,17708,258,2025-01-05,completed,card
17738,17739,1483,2025-01-09,completed,atm
17753,17754,1842,2025-01-07,completed,atm
17788,17789,1492,2025-01-16,completed,wallet
17820,17821,99,2025-01-05,completed,card
17832,17833,2252,2025-01-13,completed,card
17875,17876,827,2025-01-17,completed,atm
17923,17924,1170,2025-01-18,completed,atm
17968,17969,524,2025-01-05,completed,card
17992,17993,1260,2025-01-17,completed,card
18045,18046,1478,2025-01-26,completed,wallet
18047,18048,1704,2025-01-23,completed,cod
18057,18058,1631,2025-01-14,completed,cod
18068,18069,456,2025-01-02,completed,card
18077,18078,251,2025-01-29,completed,cod
18119,18120,1087,2025-01-13,completed,cod
18135,18136,2379,2025-01-14,completed,card
18136,18137,2470,2025-01-25,completed,card
18149,18150,1397,2025-01-20,completed,card
18173,18174,1797,2025-01-18,completed,card
18222,18223,1737,2025-01-15,completed,atm
18269,18270,876,2025-01-10,completed,card
18280,18281,2406,2025-01-20,completed,card
18322,18323,1876,2025-01-22,completed,card
18471,18472,1075,2025-01-17,completed,card
18476,18477,1678,2025-01-11,completed,card
18520,18521,659,2025-01-25,refunded,card
18538,18539,28,2025-01-12,completed,card
18539,18540,16,2025-01-14,completed,card
18542,18543,2256,2025-01-03,completed,card
18566,18567,611,2025-01-23,completed,card
18606,18607,1494,2025-01-17,completed,card
18630,18631,2104,2025-01-14,completed,atm
18635,18636,137,2025-01-11,completed,wallet
18679,18680,1112,2025-01-06,completed,atm
18685,18686,2269,2025-01-12,completed,cod
18692,18693,1919,2025-01-24,completed,cod
18696,18697,216,2025-01-02,completed,card
18704,18705,1440,2025-01-26,completed,wallet
18730,18731,875,2025-01-09,completed,cod
18823,18824,2317,2025-01-30,completed,card
18827,18828,1066,2025-01-23,cancelled,cod
18844,18845,1854,2025-01-15,completed,atm
18932,18933,1953,2025-01-08,completed,cod
18947,18948,1837,2025-01-28,completed,card
18955,18956,2192,2025-01-07,completed,wallet
18971,18972,1818,2025-01-03,completed,card
18983,18984,237,2025-01-27,completed,atm
18994,18995,783,2025-01-21,completed,card
19010,19011,426,2025-01-25,completed,atm
19068,19069,670,2025-01-03,completed,card
19087,19088,800,2025-01-01,completed,card
19094,19095,1193,2025-01-15,refunded,card
19127,19128,655,2025-01-14,completed,atm
19171,19172,415,2025-01-16,completed,card
19185,19186,1506,2025-01-02,completed,cod
19196,19197,1894,2025-01-27,completed,wallet
19218,19219,464,2025-01-23,completed,card
19224,19225,213,2025-01-21,completed,card
19244,19245,2262,2025-01-27,completed,card
19258,19259,1317,2025-01-27,refunded,cod
19297,19298,1099,2025-01-07,completed,card
19308,19309,121,2025-01-14,completed,card
19321,19322,1281,2025-01-25,completed,card
19336,19337,1773,2025-01-04,completed,atm
19339,19340,2303,2025-01-01,completed,card
19428,19429,2087,2025-01-06,completed,card
19454,19455,925,2025-01-23,completed,card
19466,19467,1240,2025-01-20,completed,atm
19500,19501,1943,2025-01-24,completed,card
19550,19551,2436,2025-01-16,completed,atm
19557,19558,1886,2025-01-13,completed,atm
19564,19565,1362,2025-01-26,completed,card
19583,19584,400,2025-01-11,completed,wallet
19585,19586,366,2025-01-11,completed,card
19594,19595,591,2025-01-31,completed,atm
19656,19657,18,2025-01-05,completed,atm
19682,19683,2155,2025-01-17,completed,atm
19694,19695,357,2025-01-04,completed,card
19704,19705,2490,2025-01-24,completed,cod
19705,19706,43,2025-01-13,completed,atm
19717,19718,2156,2025-01-05,completed,wallet
19754,19755,2459,2025-01-11,completed,card
19756,19757,512,2025-01-04,completed,card
19805,19806,712,2025-01-12,completed,card
19842,19843,280,2025-01-13,completed,atm
19892,19893,1587,2025-01-02,completed,card
19939,19940,2046,2025-01-20,completed,wallet
19963,19964,1171,2025-01-15,completed,card
19987,19988,595,2025-01-25,completed,cod
20022,20023,2457,2025-01-08,completed,card
20033,20034,95,2025-01-24,completed,atm
20035,20036,836,2025-01-14,completed,card
20048,20049,1196,2025-01-23,completed,card
20049,20050,2107,2025-01-11,completed,atm
20068,20069,1424,2025-01-03,completed,atm
20082,20083,2266,2025-01-12,completed,card
20090,20091,1406,2025-01-31,refunded,wallet
20097,20098,668,2025-01-10,completed,wallet
20101,20102,2334,2025-01-02,completed,atm
20122,20123,1331,2025-01-12,completed,wallet
20199,20200,304,2025-01-21,completed,cod
20200,20201,2227,2025-01-22,completed,card
20215,20216,436,2025-01-15,completed,card
20251,20252,1065,2025-01-28,completed,card
20254,20255,2465,2025-01-17,completed,atm
20255,20256,1991,2025-01-21,refunded,card
20327,20328,2211,2025-01-07,completed,wallet
20330,20331,618,2025-01-11,completed,card
20331,20332,1331,2025-01-27,completed,card
20348,20349,994,2025-01-02,completed,card
20369,20370,468,2025-01-04,completed,card
20378,20379,1024,2025-01-15,completed,atm
20396,20397,823,2025-01-29,completed,card
20408,20409,603,2025-01-15,completed,card
20432,20433,498,2025-01-01,completed,atm
20442,20443,1283,2025-01-23,completed,atm
20470,20471,239,2025-01-02,completed,card
20515,20516,788,2025-01-02,completed,card
20558,20559,1236,2025-01-25,completed,card
20583,20584,1473,2025-01-04,completed,card
20591,20592,611,2025-01-05,completed,cod
20612,20613,2014,2025-01-27,completed,card
20706,20707,8,2025-01-09,completed,atm
20729,20730,500,2025-01-24,completed,card
20740,20741,2271,2025-01-26,completed,card
20749,20750,611,2025-01-23,completed,card
20801,20802,2169,2025-01-11,completed,atm
20865,20866,299,2025-01-03,completed,card
20893,20894,1786,2025-01-11,completed,cod
20939,20940,1416,2025-01-31,completed,card
20957,20958,1734,2025-01-20,completed,card
20968,20969,668,2025-01-23,completed,wallet
20999,21000,652,2025-01-10,completed,card
21003,21004,2315,2025-01-31,completed,cod
21007,21008,41,2025-01-04,completed,atm
21013,21014,2337,2025-01-13,completed,card
21139,21140,1258,2025-01-15,completed,card
21172,21173,75,2025-01-26,refunded,cod
21183,21184,615,2025-01-27,completed,atm
21198,21199,1815,2025-01-22,cancelled,atm
21203,21204,2170,2025-01-28,completed,card
21347,21348,987,2025-01-21,completed,card
21401,21402,2040,2025-01-13,cancelled,card
21419,21420,69,2025-01-04,completed,card
21422,21423,1437,2025-01-27,completed,card
21445,21446,931,2025-01-09,refunded,atm
21458,21459,2061,2025-01-01,completed,card
21499,21500,519,2025-01-07,completed,card
21501,21502,802,2025-01-16,completed,atm
21529,21530,750,2025-01-06,completed,card
21543,21544,407,2025-01-24,cancelled,atm
21591,21592,2239,2025-01-19,completed,card
21602,21603,1137,2025-01-28,cancelled,card
21626,21627,87,2025-01-30,completed,cod
21648,21649,1314,2025-01-21,completed,wallet
21683,21684,2420,2025-01-16,completed,wallet
21693,21694,325,2025-01-26,completed,atm
21782,21783,1789,2025-01-10,completed,card
21793,21794,1139,2025-01-28,completed,card
21858,21859,83,2025-01-12,completed,atm
21864,21865,628,2025-01-02,completed,card
21874,21875,1324,2025-01-08,completed,card
21891,21892,2135,2025-01-29,completed,card
21893,21894,828,2025-01-10,completed,atm
21897,21898,594,2025-01-04,completed,card
21954,21955,2143,2025-01-30,completed,wallet
21972,21973,1820,2025-01-16,completed,card
21990,21991,367,2025-01-24,completed,card
21992,21993,122,2025-01-20,completed,card
21993,21994,450,2025-01-11,completed,card
11,12,1710,2025-02-15,completed,card
38,39,1267,2025-02-11,completed,atm
49,50,2304,2025-02-23,completed,atm
79,80,2233,2025-02-11,completed,cod
87,88,2229,2025-02-14,completed,atm
101,102,937,2025-02-25,completed,cod
104,105,975,2025-02-03,completed,card
123,124,1694,2025-02-11,completed,atm
124,125,1797,2025-02-26,completed,wallet
128,129,92,2025-02-25,completed,card
132,133,2166,2025-02-09,completed,card
187,188,701,2025-02-07,completed,card
217,218,1109,2025-02-21,completed,atm
220,221,1086,2025-02-26,completed,card
300,301,1374,2025-02-14,completed,card
310,311,1381,2025-02-16,completed,card
321,322,711,2025-02-16,completed,card
336,337,502,2025-02-21,completed,atm
355,356,696,2025-02-13,completed,atm
357,358,808,2025-02-21,completed,card
405,406,1066,2025-02-03,completed,card
412,413,422,2025-02-10,completed,atm
413,414,730,2025-02-16,completed,cod
481,482,1155,2025-02-27,completed,card
528,529,2121,2025-02-13,completed,card
540,541,2071,2025-02-22,completed,atm
553,554,734,2025-02-03,completed,atm
561,562,1304,2025-02-22,completed,card
641,642,1403,2025-02-12,completed,card
654,655,106,2025-02-14,completed,card
666,667,704,2025-02-27,completed,card
670,671,979,2025-02-08,completed,card
672,673,2027,2025-02-06,completed,card
747,748,729,2025-02-11,completed,cod
748,749,2312,2025-02-17,completed,atm
785,786,1108,2025-02-08,completed,atm
794,795,233,2025-02-10,completed,atm
795,796,2216,2025-02-22,completed,wallet
817,818,1393,2025-02-18,completed,card
827,828,1194,2025-02-23,completed,card
843,844,1661,2025-02-16,completed,cod
889,890,1376,2025-02-15,completed,atm
905,906,1811,2025-02-14,refunded,card
917,918,2290,2025-02-03,completed,card
974,975,1564,2025-02-13,completed,wallet
1002,1003,1699,2025-02-20,completed,card
1034,1035,1992,2025-02-28,refunded,card
1038,1039,2060,2025-02-23,completed,cod
1050,1051,1177,2025-02-06,completed,cod
1057,1058,177,2025-02-12,refunded,atm
1066,1067,2290,2025-02-11,cancelled,card
1080,1081,1911,2025-02-20,completed,wallet
1085,1086,371,2025-02-22,completed,atm
1091,1092,1885,2025-02-18,completed,wallet
1097,1098,1096,2025-02-02,completed,card
1100,1101,2493,2025-02-01,completed,wallet
1106,1107,403,2025-02-12,completed,cod
1126,1127,1680,2025-02-07,completed,cod
1140,1141,2104,2025-02-04,completed,atm
1157,1158,2031,2025-02-17,completed,card
1160,1161,1314,2025-02-22,completed,card
1188,1189,1822,2025-02-18,completed,atm
1375,1376,875,2025-02-14,completed,atm
1395,1396,2016,2025-02-22,completed,card
1425,1426,103,2025-02-04,completed,card
1433,1434,1310,2025-02-05,completed,atm
1449,1450,1046,2025-02-23,completed,card
1453,1454,1036,2025-02-01,completed,cod
1463,1464,4,2025-02-20,completed,atm
1468,1469,812,2025-02-10,completed,atm
1514,1515,284,2025-02-08,completed,card
1521,1522,432,2025-02-04,completed,card
1533,1534,1482,2025-02-21,completed,wallet
1565,1566,1209,2025-02-20,refunded,card
1586,1587,922,2025-02-13,completed,card
1645,1646,1660,2025-02-18,refunded,cod
1655,1656,2108,2025-02-03,completed,card
1659,1660,2146,2025-02-14,completed,wallet
1663,1664,946,2025-02-27,completed,atm
1681,1682,2376,2025-02-07,completed,card
1724,1725,523,2025-02-25,completed,card
1727,1728,967,2025-02-28,completed,card
1748,1749,1180,2025-02-22,completed,cod
1762,1763,461,2025-02-01,completed,card
1778,1779,2192,2025-02-19,completed,card
1808,1809,1537,2025-02-08,completed,card
1809,1810,2148,2025-02-05,refunded,atm
1825,1826,2161,2025-02-10,cancelled,card
1828,1829,1769,2025-02-16,completed,card
1883,1884,1899,2025-02-15,completed,wallet
1884,1885,1118,2025-02-06,completed,atm
1932,1933,586,2025-02-09,completed,atm
1977,1978,1219,2025-02-24,completed,atm
1987,1988,1516,2025-02-19,completed,atm
2092,2093,1495,2025-02-22,completed,atm
2137,2138,1347,2025-02-22,completed,atm
2189,2190,2360,2025-02-03,refunded,wallet
2200,2201,682,2025-02-27,completed,card
2214,2215,1181,2025-02-26,completed,cod
2219,2220,1266,2025-02-25,completed,card
2264,2265,1681,2025-02-12,completed,atm
2268,2269,1789,2025-02-08,completed,card
2316,2317,264,2025-02-12,completed,card
2340,2341,1926,2025-02-28,completed,card
2383,2384,126,2025-02-25,completed,wallet
2404,2405,2395,2025-02-25,completed,card
2418,2419,1298,2025-02-18,completed,card
2504,2505,2262,2025-02-11,completed,card
2543,2544,423,2025-02-23,completed,wallet
2546,2547,770,2025-02-04,cancelled,card
2567,2568,1862,2025-02-21,completed,card
2618,2619,246,2025-02-25,completed,card
2671,2672,1243,2025-02-04,completed,wallet
2704,2705,2298,2025-02-26,completed,card
2865,2866,2036,2025-02-16,completed,card
2909,2910,324,2025-02-17,completed,card
2914,2915,2144,2025-02-21,completed,atm
2945,2946,1355,2025-02-05,completed,atm
2947,2948,1910,2025-02-04,completed,wallet
3002,3003,2200,2025-02-26,completed,card
3005,3006,413,2025-02-08,completed,wallet
3080,3081,1502,2025-02-26,completed,card
3088,3089,1042,2025-02-07,completed,atm
3134,3135,393,2025-02-25,completed,atm
3139,3140,1740,2025-02-10,completed,cod
3184,3185,820,2025-02-04,completed,wallet
3228,3229,472,2025-02-02,completed,cod
3297,3298,1669,2025-02-05,completed,wallet
3314,3315,878,2025-02-17,completed,card
3338,3339,589,2025-02-16,completed,atm
3375,3376,730,2025-02-02,completed,card
3377,3378,1119,2025-02-25,completed,card
3396,3397,684,2025-02-23,completed,card
3402,3403,2257,2025-02-18,completed,cod
3442,3443,324,2025-02-05,completed,atm
3523,3524,1482,2025-02-01,cancelled,atm
3574,3575,295,2025-02-24,completed,cod
3605,3606,277,2025-02-13,completed,card
3667,3668,355,2025-02-12,completed,atm
3716,3717,1324,2025-02-25,completed,atm
3750,3751,1472,2025-02-12,completed,wallet
3822,3823,1245,2025-02-25,completed,card
3849,3850,177,2025-02-27,completed,atm
3882,3883,76,2025-02-18,completed,cod
3931,3932,1628,2025-02-11,completed,card
3932,3933,1245,2025-02-27,completed,card
3948,3949,1982,2025-02-16,completed,card
3966,3967,885,2025-02-26,completed,cod
3980,3981,1483,2025-02-04,completed,card
3992,3993,910,2025-02-12,completed,atm
4012,4013,1265,2025-02-17,completed,cod
4038,4039,1697,2025-02-07,completed,card
4042,4043,1987,2025-02-28,completed,card
4060,4061,1166,2025-02-07,completed,atm
4063,4064,1758,2025-02-04,completed,card
4065,4066,1785,2025-02-06,completed,card
4122,4123,1190,2025-02-18,completed,atm
4144,4145,534,2025-02-06,completed,card
4167,4168,1804,2025-02-26,completed,card
4211,4212,422,2025-02-25,completed,card
4212,4213,785,2025-02-20,completed,wallet
4226,4227,2378,2025-02-26,completed,card
4276,4277,660,2025-02-08,completed,card
4356,4357,166,2025-02-16,completed,cod
4377,4378,177,2025-02-12,completed,wallet
4384,4385,1913,2025-02-21,completed,atm
4417,4418,788,2025-02-14,completed,atm
4423,4424,1418,2025-02-13,completed,cod
4437,4438,1780,2025-02-07,completed,card
4483,4484,416,2025-02-17,completed,card
4541,4542,1965,2025-02-17,completed,wallet
4563,4564,2327,2025-02-13,completed,wallet
4570,4571,1267,2025-02-23,completed,atm
4603,4604,514,2025-02-06,completed,wallet
4664,4665,2319,2025-02-03,completed,card
4697,4698,1486,2025-02-16,completed,card
4698,4699,828,2025-02-10,completed,atm
4725,4726,798,2025-02-25,completed,card
4753,4754,1256,2025-02-14,completed,card
4783,4784,1434,2025-02-18,completed,wallet
4803,4804,197,2025-02-26,completed,wallet
4814,4815,2189,2025-02-02,completed,wallet
4835,4836,1729,2025-02-26,completed,card
4866,4867,1822,2025-02-21,completed,card
4871,4872,244,2025-02-16,completed,atm
4917,4918,646,2025-02-25,completed,atm
4920,4921,839,2025-02-08,completed,card
4943,4944,143,2025-02-20,completed,card
5013,5014,2151,2025-02-13,completed,card
5015,5016,1810,2025-02-15,completed,wallet
5031,5032,1276,2025-02-06,completed,wallet
5036,5037,1055,2025-02-27,completed,card
5054,5055,756,2025-02-14,completed,card
5071,5072,1332,2025-02-28,completed,atm
5270,5271,1783,2025-02-04,completed,atm
5279,5280,1515,2025-02-07,completed,card
5333,5334,1737,2025-02-03,completed,card
5344,5345,624,2025-02-12,completed,atm
5361,5362,2150,2025-02-27,completed,card
5461,5462,1748,2025-02-16,completed,card
5511,5512,1199,2025-02-22,completed,card
5532,5533,2302,2025-02-02,completed,card
5581,5582,819,2025-02-20,completed,card
5593,5594,1457,2025-02-12,refunded,card
5599,5600,228,2025-02-02,completed,wallet
5657,5658,1803,2025-02-05,completed,card
5667,5668,1427,2025-02-14,completed,atm
5688,5689,424,2025-02-24,completed,atm
5705,5706,1775,2025-02-05,completed,card
5833,5834,520,2025-02-24,completed,atm
5849,5850,297,2025-02-15,completed,wallet
5896,5897,1121,2025-02-25,completed,atm
5969,5970,1390,2025-02-07,completed,cod
6033,6034,2258,2025-02-01,completed,atm
6095,6096,1199,2025-02-10,completed,card
6119,6120,603,2025-02-27,completed,card
6120,6121,1359,2025-02-15,completed,card
6139,6140,992,2025-02-19,completed,cod
6145,6146,1554,2025-02-21,completed,wallet
6217,6218,1637,2025-02-26,completed,card
6242,6243,1763,2025-02-02,completed,cod
6259,6260,1219,2025-02-28,completed,card
6292,6293,1293,2025-02-01,completed,atm
6304,6305,1482,2025-02-06,completed,card
6313,6314,1186,2025-02-12,completed,card
6343,6344,301,2025-02-13,completed,card
6368,6369,1552,2025-02-05,completed,wallet
6425,6426,2067,2025-02-12,completed,atm
6441,6442,1651,2025-02-08,completed,card
6491,6492,66,2025-02-16,completed,card
6494,6495,730,2025-02-01,completed,card
6526,6527,2045,2025-02-04,completed,wallet
6531,6532,1157,2025-02-18,completed,cod
6538,6539,1330,2025-02-14,completed,card
6597,6598,1438,2025-02-22,completed,card
6637,6638,1175,2025-02-13,completed,card
6675,6676,2292,2025-02-01,completed,wallet
6680,6681,1120,2025-02-15,completed,card
6695,6696,1783,2025-02-01,completed,atm
6697,6698,339,2025-02-18,completed,atm
6757,6758,566,2025-02-11,completed,card
6764,6765,1182,2025-02-05,completed,card
6771,6772,1835,2025-02-11,completed,cod
6831,6832,997,2025-02-06,completed,card
6838,6839,1434,2025-02-13,completed,atm
6862,6863,1927,2025-02-19,completed,atm
6874,6875,760,2025-02-12,refunded,atm
6888,6889,2174,2025-02-01,completed,card
6987,6988,2391,2025-02-28,completed,card
7003,7004,2115,2025-02-03,cancelled,card
7024,7025,1382,2025-02-08,completed,card
7052,7053,1728,2025-02-03,refunded,card
7075,7076,5,2025-02-16,completed,atm
7126,7127,1608,2025-02-15,completed,card
7203,7204,233,2025-02-10,completed,cod
7219,7220,773,2025-02-15,completed,card
7234,7235,329,2025-02-11,completed,cod
7268,7269,1305,2025-02-03,completed,atm
7324,7325,487,2025-02-01,completed,atm
7357,7358,2013,2025-02-20,completed,card
7375,7376,1561,2025-02-16,completed,card
7400,7401,2452,2025-02-26,completed,card
7421,7422,679,2025-02-23,completed,wallet
7425,7426,1030,2025-02-08,completed,card
7480,7481,590,2025-02-16,completed,cod
7525,7526,2212,2025-02-08,completed,card
7546,7547,1112,2025-02-24,completed,card
7556,7557,1553,2025-02-22,completed,card
7574,7575,317,2025-02-22,completed,atm
7621,7622,926,2025-02-27,completed,card
7650,7651,1416,2025-02-16,completed,card
7662,7663,237,2025-02-14,cancelled,cod
7681,7682,274,2025-02-18,completed,card
7692,7693,86,2025-02-20,completed,card
7723,7724,1118,2025-02-13,completed,atm
7755,7756,1718,2025-02-18,completed,card
7763,7764,577,2025-02-20,completed,card
7777,7778,2137,2025-02-28,completed,card
7785,7786,875,2025-02-12,completed,atm
7795,7796,2064,2025-02-27,completed,card
7830,7831,373,2025-02-16,completed,cod
7835,7836,436,2025-02-20,completed,cod
7840,7841,1403,2025-02-13,completed,card
7844,7845,1955,2025-02-26,completed,cod
7858,7859,2323,2025-02-11,completed,card
7893,7894,628,2025-02-27,completed,cod
7938,7939,1079,2025-02-11,completed,atm
7959,7960,978,2025-02-23,completed,card
7968,7969,1001,2025-02-17,completed,atm
7977,7978,2187,2025-02-06,completed,card
7993,7994,2423,2025-02-26,completed,card
8000,8001,790,2025-02-10,completed,wallet
8048,8049,2012,2025-02-19,completed,atm
8051,8052,1050,2025-02-03,refunded,wallet
8065,8066,582,2025-02-23,completed,card
8093,8094,2379,2025-02-18,refunded,atm
8176,8177,305,2025-02-05,completed,atm
8178,8179,1611,2025-02-11,completed,card
8184,8185,20,2025-02-24,completed,atm
8249,8250,1744,2025-02-07,completed,atm
8270,8271,1772,2025-02-21,completed,wallet
8306,8307,344,2025-02-21,completed,card
8314,8315,1720,2025-02-22,completed,card
8323,8324,906,2025-02-11,refunded,cod
8398,8399,1525,2025-02-02,cancelled,card
8492,8493,1453,2025-02-24,completed,wallet
8544,8545,1492,2025-02-04,completed,atm
8623,8624,1654,2025-02-26,completed,atm
8624,8625,1130,2025-02-22,completed,card
8630,8631,125,2025-02-17,completed,cod
8650,8651,945,2025-02-02,completed,cod
8674,8675,2419,2025-02-06,completed,atm
8786,8787,1025,2025-02-09,completed,wallet
8818,8819,608,2025-02-09,completed,wallet
8828,8829,2385,2025-02-03,completed,cod
8856,8857,1379,2025-02-16,cancelled,cod
8861,8862,1911,2025-02-19,completed,card
8868,8869,448,2025-02-25,completed,cod
8890,8891,968,2025-02-01,completed,cod
8959,8960,1721,2025-02-27,completed,wallet
8971,8972,1292,2025-02-01,completed,atm
8977,8978,817,2025-02-26,completed,card
8996,8997,1525,2025-02-08,completed,atm
9027,9028,1362,2025-02-15,refunded,card
9050,9051,1216,2025-02-12,completed,atm
9091,9092,374,2025-02-25,completed,atm
9097,9098,1808,2025-02-19,refunded,wallet
9120,9121,1506,2025-02-03,completed,cod
9160,9161,345,2025-02-21,completed,card
9196,9197,963,2025-02-03,completed,atm
9227,9228,1895,2025-02-08,completed,atm
9349,9350,502,2025-02-12,completed,card
9388,9389,2252,2025-02-22,completed,card
9406,9407,1346,2025-02-21,completed,atm
9424,9425,2210,2025-02-05,completed,card
9443,9444,432,2025-02-13,completed,card
9468,9469,983,2025-02-14,completed,card
9471,9472,1843,2025-02-24,completed,card
9487,9488,1078,2025-02-07,completed,atm
9566,9567,1813,2025-02-25,completed,wallet
9668,9669,622,2025-02-25,completed,cod
9686,9687,1519,2025-02-03,completed,card
9709,9710,2003,2025-02-07,completed,card
9726,9727,237,2025-02-12,completed,card
9757,9758,581,2025-02-20,completed,card
9793,9794,1618,2025-02-24,completed,atm
9949,9950,2205,2025-02-14,completed,card
9956,9957,1932,2025-02-28,completed,atm
9973,9974,1076,2025-02-11,completed,atm
10012,10013,1306,2025-02-13,completed,card
10044,10045,662,2025-02-19,completed,wallet
10125,10126,2281,2025-02-07,completed,card
10174,10175,1418,2025-02-05,refunded,card
10192,10193,2096,2025-02-23,completed,card
10199,10200,1512,2025-02-16,completed,cod
10219,10220,2326,2025-02-01,completed,wallet
10278,10279,1746,2025-02-05,completed,card
10299,10300,183,2025-02-17,completed,card
10314,10315,2107,2025-02-02,completed,atm
10318,10319,2002,2025-02-22,completed,wallet
10404,10405,1074,2025-02-26,cancelled,atm
10410,10411,1164,2025-02-20,completed,card
10412,10413,224,2025-02-23,completed,wallet
10417,10418,1159,2025-02-16,completed,atm
10436,10437,1216,2025-02-01,completed,card
10437,10438,912,2025-02-22,completed,atm
10492,10493,479,2025-02-16,completed,atm
10537,10538,1789,2025-02-28,completed,atm
10561,10562,442,2025-02-24,completed,card
10587,10588,1117,2025-02-26,completed,card
10597,10598,248,2025-02-15,completed,atm
10636,10637,871,2025-02-27,completed,card
10639,10640,2115,2025-02-03,completed,card
10649,10650,1695,2025-02-16,completed,card
10663,10664,1089,2025-02-18,completed,card
10676,10677,865,2025-02-17,completed,atm
10745,10746,307,2025-02-20,completed,cod
10747,10748,2191,2025-02-14,completed,atm
10804,10805,2393,2025-02-18,completed,atm
10806,10807,1487,2025-02-07,completed,wallet
10808,10809,2357,2025-02-13,completed,cod
10818,10819,657,2025-02-09,completed,card
10828,10829,2017,2025-02-10,completed,card
10832,10833,2046,2025-02-25,completed,card
10858,10859,151,2025-02-17,completed,card
10871,10872,34,2025-02-26,cancelled,atm
10922,10923,942,2025-02-06,completed,cod
10926,10927,2135,2025-02-04,completed,wallet
10938,10939,2320,2025-02-24,completed,atm
10946,10947,749,2025-02-05,completed,card
10954,10955,2394,2025-02-04,completed,wallet
10958,10959,1319,2025-02-25,completed,card
11039,11040,509,2025-02-16,completed,cod
11081,11082,291,2025-02-13,completed,atm
11100,11101,939,2025-02-11,completed,card
11108,11109,1876,2025-02-28,completed,card
11164,11165,2034,2025-02-18,completed,atm
11177,11178,2031,2025-02-09,completed,cod
11194,11195,1129,2025-02-27,completed,cod
11203,11204,1373,2025-02-18,completed,card
11224,11225,1863,2025-02-24,completed,card
11311,11312,1745,2025-02-07,completed,atm
11347,11348,276,2025-02-20,completed,atm
11394,11395,1060,2025-02-08,completed,card
11443,11444,2244,2025-02-17,completed,wallet
11539,11540,2449,2025-02-04,completed,card
11562,11563,1817,2025-02-16,completed,card
11564,11565,394,2025-02-23,completed,card
11574,11575,1578,2025-02-15,completed,card
11579,11580,1176,2025-02-06,completed,card
11599,11600,1745,2025-02-11,completed,atm
11628,11629,1092,2025-02-08,completed,atm
11643,11644,1719,2025-02-22,completed,card
11668,11669,1704,2025-02-16,completed,card
11683,11684,1667,2025-02-24,completed,cod
11717,11718,1806,2025-02-24,completed,card
11745,11746,304,2025-02-20,completed,wallet
11819,11820,2369,2025-02-16,completed,card
11823,11824,1804,2025-02-20,completed,card
11830,11831,1023,2025-02-26,completed,cod
11870,11871,1072,2025-02-06,completed,card
11886,11887,1013,2025-02-17,completed,card
11887,11888,218,2025-02-25,completed,card
11937,11938,2104,2025-02-08,completed,atm
11948,11949,358,2025-02-03,completed,wallet
11969,11970,1403,2025-02-25,completed,card
11998,11999,2427,2025-02-20,completed,card
12001,12002,142,2025-02-12,completed,card
12004,12005,560,2025-02-08,completed,card
12020,12021,2473,2025-02-04,completed,card
12031,12032,821,2025-02-18,completed,cod
12061,12062,2121,2025-02-10,completed,atm
12091,12092,2294,2025-02-12,completed,card
12176,12177,1633,2025-02-20,completed,wallet
12197,12198,1135,2025-02-15,completed,card
12223,12224,1071,2025-02-23,completed,card
12242,12243,1390,2025-02-18,completed,wallet
12301,12302,2367,2025-02-15,cancelled,card
12332,12333,1298,2025-02-25,completed,card
12372,12373,1,2025-02-15,completed,wallet
12398,12399,441,2025-02-12,completed,atm
12400,12401,2146,2025-02-24,completed,card
12437,12438,155,2025-02-10,completed,atm
12484,12485,108,2025-02-14,completed,cod
12508,12509,458,2025-02-17,completed,atm
12541,12542,2418,2025-02-27,completed,card
12640,12641,830,2025-02-08,completed,card
12671,12672,2101,2025-02-08,completed,card
12713,12714,1586,2025-02-03,completed,card
12727,12728,484,2025-02-27,completed,cod
12737,12738,388,2025-02-28,completed,card
12738,12739,2468,2025-02-26,completed,cod
12812,12813,1710,2025-02-12,completed,card
12850,12851,1947,2025-02-02,completed,card
12851,12852,1282,2025-02-21,completed,card
12855,12856,228,2025-02-21,completed,wallet
12861,12862,49,2025-02-10,completed,card
12875,12876,870,2025-02-17,completed,atm
12898,12899,1880,2025-02-11,completed,atm
12918,12919,193,2025-02-03,completed,atm
12922,12923,753,2025-02-04,completed,cod
12953,12954,888,2025-02-21,completed,wallet
12970,12971,116,2025-02-02,completed,card
13037,13038,1616,2025-02-09,completed,card
13056,13057,1684,2025-02-13,completed,cod
13061,13062,2080,2025-02-10,completed,card
13092,13093,1754,2025-02-21,completed,card
13109,13110,293,2025-02-24,completed,wallet
13185,13186,221,2025-02-21,completed,card
13206,13207,196,2025-02-05,completed,cod
13223,13224,56,2025-02-08,completed,card
13224,13225,2479,2025-02-02,completed,card
13239,13240,1120,2025-02-19,completed,card
13281,13282,1460,2025-02-12,completed,atm
13316,13317,2491,2025-02-25,completed,card
13326,13327,1869,2025-02-25,completed,card
13338,13339,154,2025-02-15,completed,card
13339,13340,464,2025-02-13,completed,card
13369,13370,1202,2025-02-04,completed,card
13405,13406,988,2025-02-23,completed,atm
13421,13422,1574,2025-02-25,completed,atm
13453,13454,1907,2025-02-24,completed,card
13469,13470,2007,2025-02-08,completed,atm
13498,13499,2222,2025-02-10,completed,card
13547,13548,89,2025-02-10,completed,card
13621,13622,1415,2025-02-08,completed,cod
13664,13665,1655,2025-02-23,completed,card
13681,13682,1705,2025-02-20,completed,atm
13685,13686,684,2025-02-16,completed,atm
13689,13690,378,2025-02-15,completed,wallet
13723,13724,396,2025-02-08,completed,card
13744,13745,446,2025-02-27,completed,card
13766,13767,1171,2025-02-07,completed,card
13794,13795,1214,2025-02-14,completed,card
13821,13822,2430,2025-02-11,refunded,card
13863,13864,1014,2025-02-03,completed,atm
13867,13868,2465,2025-02-19,completed,atm
13890,13891,2390,2025-02-24,completed,atm
13905,13906,2229,2025-02-19,completed,wallet
13912,13913,65,2025-02-02,completed,card
13927,13928,647,2025-02-11,completed,wallet
13978,13979,1121,2025-02-26,completed,card
14041,14042,1844,2025-02-21,completed,wallet
14103,14104,590,2025-02-28,completed,atm
14226,14227,484,2025-02-14,completed,card
14231,14232,733,2025-02-10,completed,card
14269,14270,379,2025-02-16,completed,atm
14277,14278,1101,2025-02-04,completed,cod
14296,14297,2126,2025-02-18,completed,wallet
14308,14309,1473,2025-02-26,completed,card
14422,14423,308,2025-02-23,completed,cod
14436,14437,442,2025-02-22,completed,atm
14442,14443,1240,2025-02-21,completed,card
14456,14457,744,2025-02-26,completed,wallet
14475,14476,2135,2025-02-08,completed,card
14484,14485,723,2025-02-27,completed,cod
14561,14562,1200,2025-02-05,completed,card
14584,14585,828,2025-02-03,completed,card
14612,14613,1880,2025-02-20,completed,card
14626,14627,1441,2025-02-28,completed,wallet
14641,14642,110,2025-02-03,completed,card
14686,14687,879,2025-02-03,completed,atm
14704,14705,1642,2025-02-04,completed,card
14736,14737,219,2025-02-01,completed,atm
14758,14759,1395,2025-02-14,completed,cod
14811,14812,1774,2025-02-10,completed,card
14894,14895,955,2025-02-06,completed,card
14913,14914,2188,2025-02-17,cancelled,cod
14920,14921,2080,2025-02-06,completed,card
14932,14933,739,2025-02-18,completed,atm
14945,14946,1361,2025-02-10,completed,wallet
15031,15032,1487,2025-02-13,cancelled,wallet
15039,15040,298,2025-02-12,completed,atm
15060,15061,1784,2025-02-18,completed,card
15065,15066,478,2025-02-14,completed,cod
15095,15096,196,2025-02-20,completed,card
15128,15129,2491,2025-02-17,completed,card
15200,15201,614,2025-02-23,completed,card
15217,15218,223,2025-02-17,completed,card
15247,15248,55,2025-02-21,completed,wallet
15277,15278,1675,2025-02-06,completed,wallet
15302,15303,2044,2025-02-07,completed,card
15303,15304,1351,2025-02-13,completed,card
15355,15356,2443,2025-02-20,completed,cod
15391,15392,499,2025-02-09,completed,card
15444,15445,252,2025-02-02,completed,wallet
15445,15446,1958,2025-02-05,completed,atm
15459,15460,1279,2025-02-05,completed,card
15501,15502,1204,2025-02-16,refunded,card
15505,15506,1484,2025-02-15,completed,atm
15507,15508,1174,2025-02-23,completed,card
15536,15537,1365,2025-02-18,completed,wallet
15568,15569,906,2025-02-08,completed,wallet
15628,15629,2252,2025-02-10,completed,atm
15670,15671,985,2025-02-11,completed,card
15674,15675,907,2025-02-19,completed,cod
15730,15731,212,2025-02-01,completed,cod
15742,15743,2101,2025-02-18,completed,card
15752,15753,551,2025-02-01,completed,card
15763,15764,194,2025-02-17,completed,atm
15799,15800,1670,2025-02-28,completed,atm
15840,15841,948,2025-02-21,completed,wallet
15842,15843,1039,2025-02-16,completed,card
15865,15866,1804,2025-02-08,completed,card
15881,15882,2323,2025-02-09,completed,atm
15884,15885,96,2025-02-14,completed,atm
15907,15908,2329,2025-02-19,completed,wallet
15922,15923,2413,2025-02-16,completed,cod
15933,15934,1633,2025-02-09,cancelled,atm
15948,15949,1110,2025-02-11,completed,atm
15962,15963,2225,2025-02-08,completed,card
15991,15992,666,2025-02-20,completed,atm
16021,16022,1664,2025-02-23,completed,wallet
16053,16054,1654,2025-02-15,completed,cod
16079,16080,483,2025-02-03,completed,card
16108,16109,139,2025-02-27,completed,cod
16148,16149,113,2025-02-09,completed,atm
16169,16170,1318,2025-02-02,completed,card
16196,16197,35,2025-02-26,completed,card
16202,16203,1396,2025-02-19,completed,wallet
16205,16206,2395,2025-02-08,completed,card
16246,16247,1191,2025-02-17,completed,atm
16255,16256,1006,2025-02-06,cancelled,atm
16269,16270,383,2025-02-07,completed,card
16276,16277,2211,2025-02-21,completed,wallet
16287,16288,1114,2025-02-07,refunded,card
16318,16319,738,2025-02-26,completed,cod
16329,16330,173,2025-02-15,completed,card
16363,16364,1339,2025-02-16,completed,atm
16429,16430,1608,2025-02-05,completed,atm
16435,16436,859,2025-02-26,cancelled,card
16478,16479,1742,2025-02-22,completed,card
16497,16498,1431,2025-02-22,completed,card
16514,16515,256,2025-02-24,completed,atm
16534,16535,1579,2025-02-26,completed,card
16541,16542,1598,2025-02-05,completed,card
16543,16544,1597,2025-02-11,completed,card
16560,16561,1477,2025-02-17,completed,cod
16600,16601,1793,2025-02-22,completed,wallet
16670,16671,1419,2025-02-04,completed,card
16710,16711,1056,2025-02-19,completed,wallet
16718,16719,1290,2025-02-24,completed,wallet
16734,16735,1360,2025-02-22,completed,card
16821,16822,1498,2025-02-09,completed,atm
16956,16957,52,2025-02-09,completed,atm
17004,17005,2399,2025-02-09,completed,cod
17026,17027,2059,2025-02-27,completed,card
17050,17051,100,2025-02-18,completed,cod
17055,17056,941,2025-02-13,completed,atm
17056,17057,1150,2025-02-23,completed,wallet
17074,17075,467,2025-02-16,completed,card
17090,17091,263,2025-02-17,completed,card
17120,17121,2203,2025-02-05,completed,wallet
17121,17122,597,2025-02-18,completed,card
17136,17137,1967,2025-02-12,completed,atm
17152,17153,21,2025-02-19,completed,wallet
17211,17212,206,2025-02-23,completed,card
17216,17217,1555,2025-02-18,completed,card
17285,17286,610,2025-02-15,completed,atm
17291,17292,2493,2025-02-27,completed,wallet
17336,17337,1212,2025-02-19,completed,wallet
17341,17342,283,2025-02-04,refunded,atm
17345,17346,442,2025-02-04,completed,card
17347,17348,1044,2025-02-11,completed,card
17363,17364,1085,2025-02-04,completed,atm
17451,17452,735,2025-02-13,completed,wallet
17528,17529,2217,2025-02-14,completed,wallet
17570,17571,1691,2025-02-19,completed,card
17579,17580,377,2025-02-16,completed,card
17593,17594,2052,2025-02-28,completed,atm
17608,17609,29,2025-02-17,completed,cod
17610,17611,209,2025-02-28,completed,card
17614,17615,1035,2025-02-21,completed,card
17629,17630,1523,2025-02-04,completed,card
17633,17634,1302,2025-02-13,completed,card
17765,17766,882,2025-02-20,completed,wallet
17769,17770,610,2025-02-16,completed,card
17792,17793,677,2025-02-06,completed,atm
17795,17796,2039,2025-02-05,completed,atm
17815,17816,2292,2025-02-01,completed,cod
17830,17831,688,2025-02-11,refunded,card
17849,17850,1359,2025-02-02,completed,wallet
17870,17871,561,2025-02-12,completed,atm
17872,17873,472,2025-02-17,completed,card
17937,17938,1694,2025-02-05,completed,atm
17947,17948,151,2025-02-20,completed,card
17963,17964,1828,2025-02-26,completed,card
17966,17967,2103,2025-02-04,completed,atm
17986,17987,855,2025-02-19,completed,cod
18000,18001,1,2025-02-23,completed,card
18044,18045,1193,2025-02-11,completed,card
18061,18062,1459,2025-02-04,completed,atm
18074,18075,1914,2025-02-22,completed,card
18081,18082,1055,2025-02-18,completed,card
18133,18134,743,2025-02-12,completed,card
18143,18144,1448,2025-02-28,completed,card
18145,18146,1573,2025-02-13,completed,card
18154,18155,678,2025-02-16,completed,card
18165,18166,589,2025-02-14,completed,cod
18171,18172,2500,2025-02-28,completed,card
18180,18181,1441,2025-02-05,completed,atm
18194,18195,1174,2025-02-02,refunded,atm
18211,18212,973,2025-02-03,completed,cod
18246,18247,2247,2025-02-11,completed,card
18283,18284,1845,2025-02-03,completed,wallet
18289,18290,1758,2025-02-09,completed,wallet
18302,18303,2280,2025-02-09,completed,card
18308,18309,711,2025-02-06,completed,card
18334,18335,1972,2025-02-19,refunded,card
18362,18363,2226,2025-02-07,cancelled,atm
18363,18364,1753,2025-02-12,completed,card
18364,18365,1522,2025-02-15,completed,card
18397,18398,1004,2025-02-03,completed,card
18439,18440,492,2025-02-15,completed,atm
18483,18484,1653,2025-02-19,completed,card
18514,18515,2442,2025-02-25,completed,wallet
18522,18523,2017,2025-02-11,completed,wallet
18526,18527,264,2025-02-01,completed,atm
18547,18548,1193,2025-02-15,cancelled,card
18551,18552,1076,2025-02-22,completed,card
18559,18560,2111,2025-02-04,completed,wallet
18577,18578,578,2025-02-21,completed,card
18582,18583,2078,2025-02-07,completed,card
18648,18649,823,2025-02-25,completed,cod
18657,18658,1137,2025-02-22,completed,atm
18667,18668,268,2025-02-16,completed,card
18695,18696,1129,2025-02-13,completed,card
18732,18733,1417,2025-02-28,completed,atm
18782,18783,2186,2025-02-10,completed,wallet
18898,18899,631,2025-02-17,completed,atm
18904,18905,2301,2025-02-25,completed,atm
18967,18968,415,2025-02-13,cancelled,card
18968,18969,2369,2025-02-16,completed,card
18975,18976,124,2025-02-25,completed,card
19084,19085,510,2025-02-06,completed,card
19289,19290,823,2025-02-19,completed,card
19290,19291,1550,2025-02-18,completed,card
19320,19321,567,2025-02-04,completed,wallet
19353,19354,1376,2025-02-19,completed,card
19355,19356,2475,2025-02-15,completed,card
19367,19368,153,2025-02-18,refunded,card
19372,19373,2462,2025-02-07,completed,card
19383,19384,188,2025-02-25,completed,atm
19399,19400,2014,2025-02-08,completed,card
19412,19413,1331,2025-02-16,completed,atm
19456,19457,1299,2025-02-01,completed,card
19463,19464,927,2025-02-13,completed,atm
19486,19487,192,2025-02-22,completed,card
19495,19496,287,2025-02-09,completed,card
19526,19527,1283,2025-02-12,completed,card
19570,19571,2363,2025-02-14,completed,atm
19599,19600,849,2025-02-17,completed,card
19607,19608,2271,2025-02-20,completed,card
19639,19640,2046,2025-02-18,completed,card
19646,19647,1056,2025-02-24,completed,atm
19658,19659,424,2025-02-18,completed,wallet
19712,19713,1089,2025-02-26,completed,cod
19718,19719,978,2025-02-17,completed,wallet
19728,19729,600,2025-02-02,completed,card
19751,19752,2044,2025-02-14,completed,card
19776,19777,39,2025-02-20,completed,card
19812,19813,2136,2025-02-16,completed,card
19852,19853,1382,2025-02-27,completed,card
19897,19898,593,2025-02-22,completed,wallet
19903,19904,937,2025-02-13,completed,card
19967,19968,266,2025-02-24,completed,atm
20025,20026,1532,2025-02-17,refunded,card
20027,20028,565,2025-02-01,completed,cod
20039,20040,1510,2025-02-18,completed,wallet
20052,20053,1744,2025-02-21,completed,atm
20057,20058,2184,2025-02-07,completed,card
20117,20118,2,2025-02-25,completed,wallet
20133,20134,1198,2025-02-06,completed,card
20168,20169,1757,2025-02-02,completed,card
20213,20214,1166,2025-02-14,completed,atm
20232,20233,1972,2025-02-16,completed,atm
20247,20248,2422,2025-02-21,completed,wallet
20250,20251,2251,2025-02-25,completed,atm
20263,20264,1741,2025-02-22,completed,card
20292,20293,1616,2025-02-18,completed,card
20293,20294,1121,2025-02-18,completed,atm
20362,20363,1052,2025-02-17,completed,atm
20372,20373,656,2025-02-21,completed,card
20384,20385,426,2025-02-14,completed,atm
20412,20413,1883,2025-02-03,completed,card
20426,20427,2476,2025-02-15,completed,atm
20469,20470,1674,2025-02-22,completed,atm
20492,20493,1577,2025-02-14,completed,card
20531,20532,1298,2025-02-11,completed,card
20568,20569,751,2025-02-10,completed,atm
20575,20576,471,2025-02-16,completed,atm
20733,20734,2240,2025-02-12,completed,card
20787,20788,1515,2025-02-15,completed,wallet
20814,20815,1688,2025-02-25,completed,card
20851,20852,2012,2025-02-28,completed,card
20888,20889,1318,2025-02-14,completed,wallet
20895,20896,2336,2025-02-20,completed,wallet
20902,20903,2462,2025-02-17,completed,wallet
20904,20905,2329,2025-02-16,completed,card
20907,20908,1084,2025-02-21,completed,cod
20914,20915,935,2025-02-25,completed,card
20952,20953,327,2025-02-05,completed,card
20974,20975,857,2025-02-02,completed,cod
20984,20985,1272,2025-02-28,refunded,card
20988,20989,1803,2025-02-09,completed,card
20995,20996,1569,2025-02-14,completed,wallet
21004,21005,352,2025-02-04,completed,wallet
21062,21063,1348,2025-02-28,completed,card
21070,21071,50,2025-02-26,completed,card
21076,21077,1911,2025-02-20,completed,card
21156,21157,2243,2025-02-04,refunded,card
21197,21198,1075,2025-02-11,completed,card
21218,21219,2334,2025-02-15,completed,card
21251,21252,1187,2025-02-06,completed,card
21275,21276,464,2025-02-19,completed,card
21284,21285,655,2025-02-05,completed,atm
21309,21310,15,2025-02-05,completed,card
21313,21314,275,2025-02-08,completed,cod
21320,21321,1357,2025-02-14,completed,cod
21328,21329,1155,2025-02-14,completed,atm
21348,21349,768,2025-02-14,completed,card
21409,21410,836,2025-02-11,completed,atm
21489,21490,835,2025-02-21,completed,card
21525,21526,35,2025-02-25,completed,card
21583,21584,2195,2025-02-18,completed,card
21642,21643,367,2025-02-25,completed,cod
21654,21655,932,2025-02-23,completed,atm
21753,21754,2128,2025-02-23,completed,card
21787,21788,1719,2025-02-11,completed,card
21861,21862,2072,2025-02-09,completed,card
21862,21863,1006,2025-02-12,completed,wallet
21887,21888,397,2025-02-23,completed,atm
21907,21908,1780,2025-02-11,completed,cod
21917,21918,2361,2025-02-26,completed,atm
21962,21963,152,2025-02-14,completed,cod
21989,21990,162,2025-02-20,completed,atm
